{"cameraMode":{"drawMode":0,"name":"Shaded","section":"Shading Mode"},"sceneLighting":false,"audioPlay":false,"sceneViewState":{"showFog":true,"showMaterialUpdate":false,"showSkybox":false,"showFlares":true,"showImageEffects":true,"showParticleSystems":true,"showVisualEffectGraphs":true,"m_FxEnabled":true},"in2DMode":false,"pivot":{"x":0.26817435026168826,"y":0.0025014281272888185,"z":0.743183970451355},"rotation":{"x":0.17702902853488923,"y":0.49311792850494387,"z":-0.10324855893850327,"w":0.8454888463020325},"size":0.4197796583175659,"orthographic":false}