{"cameraMode":{"drawMode":0,"name":"Shaded","section":"Shading Mode"},"sceneLighting":false,"audioPlay":false,"sceneViewState":{"showFog":true,"showMaterialUpdate":false,"showSkybox":false,"showFlares":true,"showImageEffects":true,"showParticleSystems":true,"showVisualEffectGraphs":true,"m_FxEnabled":true},"in2DMode":false,"pivot":{"x":-4.470348358154297e-8,"y":0.1657153069972992,"z":1.9912564754486085},"rotation":{"x":0.05936248227953911,"y":0.004492080770432949,"z":-0.0002671456604730338,"w":0.9982268214225769},"size":0.4989718198776245,"orthographic":false}