{"cameraMode":{"drawMode":0,"name":"Shaded","section":"Shading Mode"},"sceneLighting":false,"audioPlay":false,"sceneViewState":{"showFog":true,"showMaterialUpdate":false,"showSkybox":true,"showFlares":true,"showImageEffects":true,"showParticleSystems":true,"showVisualEffectGraphs":true,"m_FxEnabled":true},"in2DMode":false,"pivot":{"x":0.06270214170217514,"y":-0.9166810512542725,"z":2.458808183670044},"rotation":{"x":-0.22254778444766999,"y":0.003471893258392811,"z":-0.000917673169169575,"w":-0.9750458598136902},"size":3.0084452629089357,"orthographic":false}