{"cameraMode":{"drawMode":0,"name":"Shaded","section":"Shading Mode"},"sceneLighting":false,"audioPlay":false,"sceneViewState":{"showFog":true,"showMaterialUpdate":false,"showSkybox":false,"showFlares":true,"showImageEffects":true,"showParticleSystems":true,"showVisualEffectGraphs":true,"m_FxEnabled":true},"in2DMode":false,"pivot":{"x":-0.08117030560970307,"y":-0.07170534133911133,"z":0.8949059247970581},"rotation":{"x":0.05936248227953911,"y":0.004492080770432949,"z":-0.0002671456604730338,"w":0.9982268214225769},"size":0.5540329217910767,"orthographic":false}