{"cameraMode":{"drawMode":0,"name":"Shaded","section":"Shading Mode"},"sceneLighting":true,"audioPlay":false,"sceneViewState":{"showFog":true,"showMaterialUpdate":false,"showSkybox":true,"showFlares":true,"showImageEffects":true,"showParticleSystems":true,"showVisualEffectGraphs":true,"m_FxEnabled":true},"in2DMode":false,"pivot":{"x":0.00045564770698547363,"y":0.17554229497909547,"z":0.0009065605700016022},"rotation":{"x":0.05936248227953911,"y":0.004492080770432949,"z":-0.0002671456604730338,"w":0.9982268214225769},"size":1.1749706268310547,"orthographic":false}