{"cameraMode":{"drawMode":0,"name":"Shaded","section":"Shading Mode"},"sceneLighting":true,"audioPlay":false,"sceneViewState":{"showFog":true,"showMaterialUpdate":false,"showSkybox":true,"showFlares":true,"showImageEffects":true,"showParticleSystems":true,"showVisualEffectGraphs":true,"m_FxEnabled":true},"in2DMode":false,"pivot":{"x":0.009444832801818848,"y":0.5434228181838989,"z":4.285001754760742},"rotation":{"x":0.05936248227953911,"y":0.004492080770432949,"z":-0.0002671456604730338,"w":0.9982268214225769},"size":3.537964105606079,"orthographic":false}